cin;nom;prenom;raison_social;fax;date_naissance;lieu_naissance;cin_formate;email;type_personne;cle_identifiant;rc
rc
ABCD159;DKDJEKHJK;;ddd;;2023-10-02;;STEALITOPDEVELOPPEMENT;debemail.com@gmail.com;"Personne physique";159Z24588NAIMIABDESLAM;
B779831;"SOUARTI MOULAY MUSTAPHA_1";;;;0000-00-00;;B77983_1;;"Personne morale";B779831SOUARTIMOULAYMUSTAPHA1;
CD2314902;"ATIF MOHAMMED_2";;;;0000-00-00;;CD231490_2;;"Personne morale";CD2314902ATIFMOHAMMED2;
B779832;"SOUARTI MOULAY MUSTAPHA_2";;;;0000-00-00;;B77983_2;;"Personne morale";B779832SOUARTIMOULAYMUSTAPHA2;
CD2314903;"ATIF MOHAMMED_3";;;;0000-00-00;;CD231490_3;;"Personne morale";CD2314903ATIFMOHAMMED3;
B779833;"SOUARTI MOULAY MUSTAPHA_3";;;;0000-00-00;;B77983_3;;"Personne morale";B779833SOUARTIMOULAYMUSTAPHA3;
CD2314904;"ATIF MOHAMMED_4";;;;0000-00-00;;CD231490_4;;"Personne morale";CD2314904ATIFMOHAMMED4;
B779834;"SOUARTI MOULAY MUSTAPHA_4";;;;0000-00-00;;B77983_4;;"Personne morale";B779834SOUARTIMOULAYMUSTAPHA4;
CD2314905;"ATIF MOHAMMED_5";;;;0000-00-00;;CD231490_5;;"Personne morale";CD2314905ATIFMOHAMMED5;
B779835;"SOUARTI MOULAY MUSTAPHA_5";;;;0000-00-00;;B77983_5;;"Personne morale";B779835SOUARTIMOULAYMUSTAPHA5;
CD2314906;"ATIF MOHAMMED_6";;;;0000-00-00;;CD231490_6;;"Personne morale";CD2314906ATIFMOHAMMED6;
B779836;"SOUARTI MOULAY MUSTAPHA_6";;;;0000-00-00;;B77983_6;;"Personne morale";B779836SOUARTIMOULAYMUSTAPHA6;
CD2314907;"ATIF MOHAMMED_7";;;;0000-00-00;;CD231490_7;;"Personne morale";CD2314907ATIFMOHAMMED7;
B779837;"SOUARTI MOULAY MUSTAPHA_7";;;;0000-00-00;;B77983_7;;"Personne morale";B779837SOUARTIMOULAYMUSTAPHA7;
CD2314908;"ATIF MOHAMMED_8";;;;0000-00-00;;CD231490_8;;"Personne morale";CD2314908ATIFMOHAMMED8;
B779838;"SOUARTI MOULAY MUSTAPHA_8";;;;0000-00-00;;B77983_8;;"Personne morale";B779838SOUARTIMOULAYMUSTAPHA8;
CD2314909;"ATIF MOHAMMED_9";;;;0000-00-00;;CD231490_9;;"Personne morale";CD2314909ATIFMOHAMMED9;
B779839;"SOUARTI MOULAY MUSTAPHA_9";;;;0000-00-00;;B77983_9;;"Personne morale";B779839SOUARTIMOULAYMUSTAPHA9;
CD23149010;"ATIF MOHAMMED_10";;;;0000-00-00;;CD231490_10;;"Personne morale";CD23149010ATIFMOHAMMED10;
B7798310;"SOUARTI MOULAY MUSTAPHA_10";;;;0000-00-00;;B77983_10;;"Personne morale";B7798310SOUARTIMOULAYMUSTAPHA10;
CD23149011;"ATIF MOHAMMED_11";;;;0000-00-00;;CD231490_11;;"Personne morale";CD23149011ATIFMOHAMMED11;
B7798311;"SOUARTI MOULAY MUSTAPHA_11";;;;0000-00-00;;B77983_11;;"Personne morale";B7798311SOUARTIMOULAYMUSTAPHA11;
CD23149012;"ATIF MOHAMMED_12";;;;0000-00-00;;CD231490_12;;"Personne morale";CD23149012ATIFMOHAMMED12;
B7798312;"SOUARTI MOULAY MUSTAPHA_12";;;;0000-00-00;;B77983_12;;"Personne morale";B7798312SOUARTIMOULAYMUSTAPHA12;
CD23149013;"ATIF MOHAMMED_13";;;;0000-00-00;;CD231490_13;;"Personne morale";CD23149013ATIFMOHAMMED13;
B7798313;"SOUARTI MOULAY MUSTAPHA_13";;;;0000-00-00;;B77983_13;;"Personne morale";B7798313SOUARTIMOULAYMUSTAPHA13;
CD23149014;"ATIF MOHAMMED_14";;;;0000-00-00;;CD231490_14;;"Personne morale";CD23149014ATIFMOHAMMED14;
B7798314;"SOUARTI MOULAY MUSTAPHA_14";;;;0000-00-00;;B77983_14;;"Personne morale";B7798314SOUARTIMOULAYMUSTAPHA14;
CD23149015;"ATIF MOHAMMED_15";;;;0000-00-00;;CD231490_15;;"Personne morale";CD23149015ATIFMOHAMMED15;
B7798315;"SOUARTI MOULAY MUSTAPHA_15";;;;0000-00-00;;B77983_15;;"Personne morale";B7798315SOUARTIMOULAYMUSTAPHA15;
CD23149016;"ATIF MOHAMMED_16";;;;0000-00-00;;CD231490_16;;"Personne morale";CD23149016ATIFMOHAMMED16;
B7798316;"SOUARTI MOULAY MUSTAPHA_16";;;;0000-00-00;;B77983_16;;"Personne morale";B7798316SOUARTIMOULAYMUSTAPHA16;
CD23149017;"ATIF MOHAMMED_17";;;;0000-00-00;;CD231490_17;;"Personne morale";CD23149017ATIFMOHAMMED17;
B7798317;"SOUARTI MOULAY MUSTAPHA_17";;;;0000-00-00;;B77983_17;;"Personne morale";B7798317SOUARTIMOULAYMUSTAPHA17;
CD23149018;"ATIF MOHAMMED_18";;;;0000-00-00;;CD231490_18;;"Personne morale";CD23149018ATIFMOHAMMED18;
B7798318;"SOUARTI MOULAY MUSTAPHA_18";;;;0000-00-00;;B77983_18;;"Personne morale";B7798318SOUARTIMOULAYMUSTAPHA18;
CD23149019;"ATIF MOHAMMED_19";;;;0000-00-00;;CD231490_19;;"Personne morale";CD23149019ATIFMOHAMMED19;
B7798319;"SOUARTI MOULAY MUSTAPHA_19";;;;0000-00-00;;B77983_19;;"Personne morale";B7798319SOUARTIMOULAYMUSTAPHA19;
CD23149020;"ATIF MOHAMMED_20";;;;0000-00-00;;CD231490_20;;"Personne morale";CD23149020ATIFMOHAMMED20;
B7798320;"SOUARTI MOULAY MUSTAPHA_20";;;;0000-00-00;;B77983_20;;"Personne morale";B7798320SOUARTIMOULAYMUSTAPHA20;
CD23149021;"ATIF MOHAMMED_21";;;;0000-00-00;;CD231490_21;;"Personne morale";CD23149021ATIFMOHAMMED21;
B7798321;"SOUARTI MOULAY MUSTAPHA_21";;;;0000-00-00;;B77983_21;;"Personne morale";B7798321SOUARTIMOULAYMUSTAPHA21;
CD23149022;"ATIF MOHAMMED_22";;;;0000-00-00;;CD231490_22;;"Personne morale";CD23149022ATIFMOHAMMED22;
B7798322;"SOUARTI MOULAY MUSTAPHA_22";;;;0000-00-00;;B77983_22;;"Personne morale";B7798322SOUARTIMOULAYMUSTAPHA22;
CD23149023;"ATIF MOHAMMED_23";;;;0000-00-00;;CD231490_23;;"Personne morale";CD23149023ATIFMOHAMMED23;
B7798323;"SOUARTI MOULAY MUSTAPHA_23";;;;0000-00-00;;B77983_23;;"Personne morale";B7798323SOUARTIMOULAYMUSTAPHA23;
CD23149024;"ATIF MOHAMMED_24";;;;0000-00-00;;CD231490_24;;"Personne morale";CD23149024ATIFMOHAMMED24;
B7798324;"SOUARTI MOULAY MUSTAPHA_24";;;;0000-00-00;;B77983_24;;"Personne morale";B7798324SOUARTIMOULAYMUSTAPHA24;
CD23149025;"ATIF MOHAMMED_25";;;;0000-00-00;;CD231490_25;;"Personne morale";CD23149025ATIFMOHAMMED25;
B7798325;"SOUARTI MOULAY MUSTAPHA_25";;;;0000-00-00;;B77983_25;;"Personne morale";B7798325SOUARTIMOULAYMUSTAPHA25;
CD23149026;"ATIF MOHAMMED_26";;;;0000-00-00;;CD231490_26;;"Personne morale";CD23149026ATIFMOHAMMED26;
B7798326;"SOUARTI MOULAY MUSTAPHA_26";;;;0000-00-00;;B77983_26;;"Personne morale";B7798326SOUARTIMOULAYMUSTAPHA26;
CD23149027;"ATIF MOHAMMED_27";;;;0000-00-00;;CD231490_27;;"Personne morale";CD23149027ATIFMOHAMMED27;
B7798327;"SOUARTI MOULAY MUSTAPHA_27";;;;0000-00-00;;B77983_27;;"Personne morale";B7798327SOUARTIMOULAYMUSTAPHA27;
CD23149028;"ATIF MOHAMMED_28";;;;0000-00-00;;CD231490_28;;"Personne morale";CD23149028ATIFMOHAMMED28;
B7798328;"SOUARTI MOULAY MUSTAPHA_28";;;;0000-00-00;;B77983_28;;"Personne morale";B7798328SOUARTIMOULAYMUSTAPHA28;
CD23149029;"ATIF MOHAMMED_29";;;;0000-00-00;;CD231490_29;;"Personne morale";CD23149029ATIFMOHAMMED29;
B7798329;"SOUARTI MOULAY MUSTAPHA_29";;;;0000-00-00;;B77983_29;;"Personne morale";B7798329SOUARTIMOULAYMUSTAPHA29;
CD23149030;"ATIF MOHAMMED_30";;;;0000-00-00;;CD231490_30;;"Personne morale";CD23149030ATIFMOHAMMED30;
B7798330;"SOUARTI MOULAY MUSTAPHA_30";;;;0000-00-00;;B77983_30;;"Personne morale";B7798330SOUARTIMOULAYMUSTAPHA30;
CD23149031;"ATIF MOHAMMED_31";;;;0000-00-00;;CD231490_31;;"Personne morale";CD23149031ATIFMOHAMMED31;
B7798331;"SOUARTI MOULAY MUSTAPHA_31";;;;0000-00-00;;B77983_31;;"Personne morale";B7798331SOUARTIMOULAYMUSTAPHA31;
CD23149032;"ATIF MOHAMMED_32";;;;0000-00-00;;CD231490_32;;"Personne morale";CD23149032ATIFMOHAMMED32;
B7798332;"SOUARTI MOULAY MUSTAPHA_32";;;;0000-00-00;;B77983_32;;"Personne morale";B7798332SOUARTIMOULAYMUSTAPHA32;
CD23149033;"ATIF MOHAMMED_33";;;;0000-00-00;;CD231490_33;;"Personne morale";CD23149033ATIFMOHAMMED33;
B7798333;"SOUARTI MOULAY MUSTAPHA_33";;;;0000-00-00;;B77983_33;;"Personne morale";B7798333SOUARTIMOULAYMUSTAPHA33;
CD23149034;"ATIF MOHAMMED_34";;;;0000-00-00;;CD231490_34;;"Personne morale";CD23149034ATIFMOHAMMED34;
B7798334;"SOUARTI MOULAY MUSTAPHA_34";;;;0000-00-00;;B77983_34;;"Personne morale";B7798334SOUARTIMOULAYMUSTAPHA34;
CD23149035;"ATIF MOHAMMED_35";;;;0000-00-00;;CD231490_35;;"Personne morale";CD23149035ATIFMOHAMMED35;
B7798335;"SOUARTI MOULAY MUSTAPHA_35";;;;0000-00-00;;B77983_35;;"Personne morale";B7798335SOUARTIMOULAYMUSTAPHA35;
CD23149036;"ATIF MOHAMMED_36";;;;0000-00-00;;CD231490_36;;"Personne morale";CD23149036ATIFMOHAMMED36;
B7798336;"SOUARTI MOULAY MUSTAPHA_36";;;;0000-00-00;;B77983_36;;"Personne morale";B7798336SOUARTIMOULAYMUSTAPHA36;
CD23149037;"ATIF MOHAMMED_37";;;;0000-00-00;;CD231490_37;;"Personne morale";CD23149037ATIFMOHAMMED37;
B7798337;"SOUARTI MOULAY MUSTAPHA_37";;;;0000-00-00;;B77983_37;;"Personne morale";B7798337SOUARTIMOULAYMUSTAPHA37;
CD23149038;"ATIF MOHAMMED_38";;;;0000-00-00;;CD231490_38;;"Personne morale";CD23149038ATIFMOHAMMED38;
B7798338;"SOUARTI MOULAY MUSTAPHA_38";;;;0000-00-00;;B77983_38;;"Personne morale";B7798338SOUARTIMOULAYMUSTAPHA38;
CD23149039;"ATIF MOHAMMED_39";;;;0000-00-00;;CD231490_39;;"Personne morale";CD23149039ATIFMOHAMMED39;
B7798339;"SOUARTI MOULAY MUSTAPHA_39";;;;0000-00-00;;B77983_39;;"Personne morale";B7798339SOUARTIMOULAYMUSTAPHA39;
CD23149040;"ATIF MOHAMMED_40";;;;0000-00-00;;CD231490_40;;"Personne morale";CD23149040ATIFMOHAMMED40;
B7798340;"SOUARTI MOULAY MUSTAPHA_40";;;;0000-00-00;;B77983_40;;"Personne morale";B7798340SOUARTIMOULAYMUSTAPHA40;
CD23149041;"ATIF MOHAMMED_41";;;;0000-00-00;;CD231490_41;;"Personne morale";CD23149041ATIFMOHAMMED41;
B7798341;"SOUARTI MOULAY MUSTAPHA_41";;;;0000-00-00;;B77983_41;;"Personne morale";B7798341SOUARTIMOULAYMUSTAPHA41;
CD23149042;"ATIF MOHAMMED_42";;;;0000-00-00;;CD231490_42;;"Personne morale";CD23149042ATIFMOHAMMED42;
B7798342;"SOUARTI MOULAY MUSTAPHA_42";;;;0000-00-00;;B77983_42;;"Personne morale";B7798342SOUARTIMOULAYMUSTAPHA42;
CD23149043;"ATIF MOHAMMED_43";;;;0000-00-00;;CD231490_43;;"Personne morale";CD23149043ATIFMOHAMMED43;
B7798343;"SOUARTI MOULAY MUSTAPHA_43";;;;0000-00-00;;B77983_43;;"Personne morale";B7798343SOUARTIMOULAYMUSTAPHA43;
CD23149044;"ATIF MOHAMMED_44";;;;0000-00-00;;CD231490_44;;"Personne morale";CD23149044ATIFMOHAMMED44;
B7798344;"SOUARTI MOULAY MUSTAPHA_44";;;;0000-00-00;;B77983_44;;"Personne morale";B7798344SOUARTIMOULAYMUSTAPHA44;
CD23149045;"ATIF MOHAMMED_45";;;;0000-00-00;;CD231490_45;;"Personne morale";CD23149045ATIFMOHAMMED45;
B7798345;"SOUARTI MOULAY MUSTAPHA_45";;;;0000-00-00;;B77983_45;;"Personne morale";B7798345SOUARTIMOULAYMUSTAPHA45;
CD23149046;"ATIF MOHAMMED_46";;;;0000-00-00;;CD231490_46;;"Personne morale";CD23149046ATIFMOHAMMED46;
B7798346;"SOUARTI MOULAY MUSTAPHA_46";;;;0000-00-00;;B77983_46;;"Personne morale";B7798346SOUARTIMOULAYMUSTAPHA46;
CD23149047;"ATIF MOHAMMED_47";;;;0000-00-00;;CD231490_47;;"Personne morale";CD23149047ATIFMOHAMMED47;
B7798347;"SOUARTI MOULAY MUSTAPHA_47";;;;0000-00-00;;B77983_47;;"Personne morale";B7798347SOUARTIMOULAYMUSTAPHA47;
CD23149048;"ATIF MOHAMMED_48";;;;0000-00-00;;CD231490_48;;"Personne morale";CD23149048ATIFMOHAMMED48;
B7798348;"SOUARTI MOULAY MUSTAPHA_48";;;;0000-00-00;;B77983_48;;"Personne morale";B7798348SOUARTIMOULAYMUSTAPHA48;
CD23149049;"ATIF MOHAMMED_49";;;;0000-00-00;;CD231490_49;;"Personne morale";CD23149049ATIFMOHAMMED49;
B7798349;"SOUARTI MOULAY MUSTAPHA_49";;;;0000-00-00;;B77983_49;;"Personne morale";B7798349SOUARTIMOULAYMUSTAPHA49;
CD23149050;"ATIF MOHAMMED_50";;;;0000-00-00;;CD231490_50;;"Personne morale";CD23149050ATIFMOHAMMED50;
B7798350;"SOUARTI MOULAY MUSTAPHA_50";;;;0000-00-00;;B77983_50;;"Personne morale";B7798350SOUARTIMOULAYMUSTAPHA50;
